{
    "loss": 0.17926828563213348,
    "accuracy": 0.971222996711731
}